{"cameraMode":{"drawMode":0,"name":"Shaded","section":"Shading Mode"},"sceneLighting":true,"audioPlay":false,"sceneViewState":{"showFog":true,"showMaterialUpdate":false,"showSkybox":true,"showFlares":true,"showImageEffects":true,"showParticleSystems":true},"in2DMode":false,"pivot":{"x":3.276439666748047,"y":1.622865915298462,"z":-12.712098121643067},"rotation":{"x":-0.0013197619700804353,"y":0.9976407289505005,"z":0.02005663514137268,"w":0.06564349681138993},"size":19.610130310058595,"orthographic":false}