{"cameraMode":{"drawMode":0,"name":"Shaded","section":"Shading Mode"},"sceneLighting":true,"audioPlay":false,"sceneViewState":{"showFog":true,"showMaterialUpdate":false,"showSkybox":true,"showFlares":true,"showImageEffects":true,"showParticleSystems":true},"in2DMode":false,"pivot":{"x":-603.79638671875,"y":-1491.9158935546875,"z":477.97113037109377},"rotation":{"x":0.006370857823640108,"y":0.9931785464286804,"z":-0.09595190733671189,"w":0.06594739109277725},"size":21.774158477783204,"orthographic":false}