{"cameraMode":{"drawMode":0,"name":"Shaded","section":"Shading Mode"},"sceneLighting":true,"audioPlay":false,"sceneViewState":{"showFog":true,"showMaterialUpdate":false,"showSkybox":true,"showFlares":true,"showImageEffects":true,"showParticleSystems":true},"in2DMode":false,"pivot":{"x":1.101297378540039,"y":10.091373443603516,"z":12.91138744354248},"rotation":{"x":0.658476710319519,"y":-0.004516333341598511,"z":0.003951911348849535,"w":0.7525771856307983},"size":22.0,"orthographic":false}